Nonterminal,!,!=,$,&&,(,),*,+,",",-,.,/,;,<,<=,=,==,>,>=,String,abstract,boolean,break,char,char_literal,class,continue,double,else,false,final,for,id,if,import,int,number,private,protected,public,return,static,string_literal,true,void,while,{,||,}
Prog,,,,,,,,,,,,,,,,,,,,,ImportList ClassDecl,,,,,ImportList ClassDecl,,,,,ImportList ClassDecl,,,,ImportList ClassDecl,,,ImportList ClassDecl,ImportList ClassDecl,ImportList ClassDecl,,ImportList ClassDecl,,,,,,,
ImportList,,,,,,,,,,,,,,,,,,,,,ε,,,,,ε,,,,,ε,,,,ImportDecl ImportList,,,ε,ε,ε,,ε,,,,,,,
ImportDecl,,,,,,,,,,,,,,,,,,,,,,,,,,,,,,,,,,,import ImportPath ;,,,,,,,,,,,,,,
ImportPath,,,,,,,,,,,,,,,,,,,,,,,,,,,,,,,,,id ImportPathTail,,,,,,,,,,,,,,,,
ImportPathTail,,,,,,,,,,,. ImportPathSeg,,ε,,,,,,,,,,,,,,,,,,,,,,,,,,,,,,,,,,,,
ImportPathSeg,,,,,,,*,,,,,,,,,,,,,,,,,,,,,,,,,,id ImportPathTail,,,,,,,,,,,,,,,,
ClassDecl,,,,,,,,,,,,,,,,,,,,,ModifiersOpt class id { MemberList },,,,,ModifiersOpt class id { MemberList },,,,,ModifiersOpt class id { MemberList },,,,,,,ModifiersOpt class id { MemberList },ModifiersOpt class id { MemberList },ModifiersOpt class id { MemberList },,ModifiersOpt class id { MemberList },,,,,,,
ModifiersOpt,,,,,,,,,,,,,,,,,,,,ε,Modifier ModifiersOpt,ε,,ε,,ε,,ε,,,Modifier ModifiersOpt,,,,,ε,,Modifier ModifiersOpt,Modifier ModifiersOpt,Modifier ModifiersOpt,,Modifier ModifiersOpt,,,ε,,,,
Modifier,,,,,,,,,,,,,,,,,,,,,abstract,,,,,,,,,,final,,,,,,,private,protected,public,,static,,,,,,,
MemberList,,,,,,,,,,,,,,,,,,,,Member MemberList,Member MemberList,Member MemberList,,Member MemberList,,,,Member MemberList,,,Member MemberList,,,,,Member MemberList,,Member MemberList,Member MemberList,Member MemberList,,Member MemberList,,,Member MemberList,,,,ε
Member,,,,,,,,,,,,,,,,,,,,ModifiersOpt TypeOrVoid id MemberRest,ModifiersOpt TypeOrVoid id MemberRest,ModifiersOpt TypeOrVoid id MemberRest,,ModifiersOpt TypeOrVoid id MemberRest,,,,ModifiersOpt TypeOrVoid id MemberRest,,,ModifiersOpt TypeOrVoid id MemberRest,,,,,ModifiersOpt TypeOrVoid id MemberRest,,ModifiersOpt TypeOrVoid id MemberRest,ModifiersOpt TypeOrVoid id MemberRest,ModifiersOpt TypeOrVoid id MemberRest,,ModifiersOpt TypeOrVoid id MemberRest,,,ModifiersOpt TypeOrVoid id MemberRest,,,,
MemberRest,,,,,( ParamList ) Block,,,,FieldTail ;,,,,FieldTail ;,,,FieldTail ;,,,,,,,,,,,,,,,,,,,,,,,,,,,,,,,,,
FieldTail,,,,,,,,,InitOpt FieldRest,,,,InitOpt FieldRest,,,InitOpt FieldRest,,,,,,,,,,,,,,,,,,,,,,,,,,,,,,,,,
FieldRest,,,,,,,,,", id InitOpt FieldRest",,,,ε,,,,,,,,,,,,,,,,,,,,,,,,,,,,,,,,,,,,
InitOpt,,,,,,,,,ε,,,,ε,,,= Expr,,,,,,,,,,,,,,,,,,,,,,,,,,,,,,,,,
TypeOrVoid,,,,,,,,,,,,,,,,,,,,Type,,Type,,Type,,,,Type,,,,,,,,Type,,,,,,,,,void,,,,
Type,,,,,,,,,,,,,,,,,,,,String,,boolean,,char,,,,double,,,,,,,,int,,,,,,,,,,,,,
ParamList,,,,,,ε,,,,,,,,,,,,,,Param ParamRest,,Param ParamRest,,Param ParamRest,,,,Param ParamRest,,,,,,,,Param ParamRest,,,,,,,,,,,,,
ParamRest,,,,,,ε,,,", Param ParamRest",,,,,,,,,,,,,,,,,,,,,,,,,,,,,,,,,,,,,,,,
Param,,,,,,,,,,,,,,,,,,,,Type id,,Type id,,Type id,,,,Type id,,,,,,,,Type id,,,,,,,,,,,,,
Block,,,,,,,,,,,,,,,,,,,,,,,,,,,,,,,,,,,,,,,,,,,,,,,{ StmtList },,
StmtList,,,,,Stmt StmtList,,,,,,,,,,,,,,,Stmt StmtList,,Stmt StmtList,Stmt StmtList,Stmt StmtList,Stmt StmtList,,Stmt StmtList,Stmt StmtList,,Stmt StmtList,,Stmt StmtList,Stmt StmtList,Stmt StmtList,,Stmt StmtList,Stmt StmtList,,,,Stmt StmtList,,Stmt StmtList,Stmt StmtList,,Stmt StmtList,Stmt StmtList,,ε
Stmt,,,,,SimpleStmt,,,,,,,,,,,,,,,VarDeclStmt,,VarDeclStmt,BreakStmt,VarDeclStmt,SimpleStmt,,ContinueStmt,VarDeclStmt,,SimpleStmt,,ForStmt,SimpleStmt,IfStmt,,VarDeclStmt,SimpleStmt,,,,ReturnStmt,,SimpleStmt,SimpleStmt,,WhileStmt,Block,,
VarDeclStmt,,,,,,,,,,,,,,,,,,,,Type VarDeclList ;,,Type VarDeclList ;,,Type VarDeclList ;,,,,Type VarDeclList ;,,,,,,,,Type VarDeclList ;,,,,,,,,,,,,,
VarDeclList,,,,,,,,,,,,,,,,,,,,,,,,,,,,,,,,,VarDecl VarDeclRest,,,,,,,,,,,,,,,,
VarDeclRest,,,,,,,,,", VarDecl VarDeclRest",,,,ε,,,,,,,,,,,,,,,,,,,,,,,,,,,,,,,,,,,,
VarDecl,,,,,,,,,,,,,,,,,,,,,,,,,,,,,,,,,id InitOpt,,,,,,,,,,,,,,,,
SimpleStmt,,,,,AssignOrCall ;,,,,,,,,,,,,,,,,,,,,AssignOrCall ;,,,,,AssignOrCall ;,,,AssignOrCall ;,,,,AssignOrCall ;,,,,,,AssignOrCall ;,AssignOrCall ;,,,,,
AssignOrCall,,,,,PrimaryExpr AssignTail,,,,,,,,,,,,,,,,,,,,PrimaryExpr AssignTail,,,,,PrimaryExpr AssignTail,,,PrimaryExpr AssignTail,,,,PrimaryExpr AssignTail,,,,,,PrimaryExpr AssignTail,PrimaryExpr AssignTail,,,,,
AssignTail,,,,,,ε,,,ε,,,,ε,,,= Expr,,,,,,,,,,,,,,,,,,,,,,,,,,,,,,,,,
IfStmt,,,,,,,,,,,,,,,,,,,,,,,,,,,,,,,,,,if ( Expr ) Stmt ElseOpt,,,,,,,,,,,,,,,
ElseOpt,,,,,ε,,,,,,,,,,,,,,,ε,,ε,ε,ε,ε,,ε,ε,else Stmt,ε,,ε,ε,ε,,ε,ε,,,,ε,,ε,ε,,ε,ε,,ε
WhileStmt,,,,,,,,,,,,,,,,,,,,,,,,,,,,,,,,,,,,,,,,,,,,,,while ( Expr ) Stmt,,,
ForStmt,,,,,,,,,,,,,,,,,,,,,,,,,,,,,,,,for ( ForInitOpt ; ExprOpt ; ForUpdateOpt ) Stmt,,,,,,,,,,,,,,,,,
ForInitOpt,,,,,AssignOrCallList,,,,,,,,ε,,,,,,,,,,,,AssignOrCallList,,,,,AssignOrCallList,,,AssignOrCallList,,,,AssignOrCallList,,,,,,AssignOrCallList,AssignOrCallList,,,,,
ForUpdateOpt,,,,,AssignOrCallList,ε,,,,,,,,,,,,,,,,,,,AssignOrCallList,,,,,AssignOrCallList,,,AssignOrCallList,,,,AssignOrCallList,,,,,,AssignOrCallList,AssignOrCallList,,,,,
AssignOrCallList,,,,,AssignOrCall AssignOrCallListRest,,,,,,,,,,,,,,,,,,,,AssignOrCall AssignOrCallListRest,,,,,AssignOrCall AssignOrCallListRest,,,AssignOrCall AssignOrCallListRest,,,,AssignOrCall AssignOrCallListRest,,,,,,AssignOrCall AssignOrCallListRest,AssignOrCall AssignOrCallListRest,,,,,
AssignOrCallListRest,,,,,,ε,,,", AssignOrCall AssignOrCallListRest",,,,ε,,,,,,,,,,,,,,,,,,,,,,,,,,,,,,,,,,,,
ExprOpt,Expr,,,,Expr,,,Expr,,Expr,,,ε,,,,,,,,,,,,Expr,,,,,Expr,,,Expr,,,,Expr,,,,,,Expr,Expr,,,,,
ReturnStmt,,,,,,,,,,,,,,,,,,,,,,,,,,,,,,,,,,,,,,,,,return ReturnExprOpt ;,,,,,,,,
ReturnExprOpt,Expr,,,,Expr,,,Expr,,Expr,,,ε,,,,,,,,,,,,Expr,,,,,Expr,,,Expr,,,,Expr,,,,,,Expr,Expr,,,,,
BreakStmt,,,,,,,,,,,,,,,,,,,,,,,break ;,,,,,,,,,,,,,,,,,,,,,,,,,,
ContinueStmt,,,,,,,,,,,,,,,,,,,,,,,,,,,continue ;,,,,,,,,,,,,,,,,,,,,,,
Expr,CondOrExpr,,,,CondOrExpr,,,CondOrExpr,,CondOrExpr,,,,,,,,,,,,,,,CondOrExpr,,,,,CondOrExpr,,,CondOrExpr,,,,CondOrExpr,,,,,,CondOrExpr,CondOrExpr,,,,,
CondOrExpr,CondAndExpr CondOrRest,,,,CondAndExpr CondOrRest,,,CondAndExpr CondOrRest,,CondAndExpr CondOrRest,,,,,,,,,,,,,,,CondAndExpr CondOrRest,,,,,CondAndExpr CondOrRest,,,CondAndExpr CondOrRest,,,,CondAndExpr CondOrRest,,,,,,CondAndExpr CondOrRest,CondAndExpr CondOrRest,,,,,
CondOrRest,,,,,,ε,,,ε,,,,ε,,,,,,,,,,,,,,,,,,,,,,,,,,,,,,,,,,,|| CondAndExpr CondOrRest,
CondAndExpr,RelExpr CondAndRest,,,,RelExpr CondAndRest,,,RelExpr CondAndRest,,RelExpr CondAndRest,,,,,,,,,,,,,,,RelExpr CondAndRest,,,,,RelExpr CondAndRest,,,RelExpr CondAndRest,,,,RelExpr CondAndRest,,,,,,RelExpr CondAndRest,RelExpr CondAndRest,,,,,
CondAndRest,,,,&& RelExpr CondAndRest,,ε,,,ε,,,,ε,,,,,,,,,,,,,,,,,,,,,,,,,,,,,,,,,,,ε,
RelExpr,AddExpr RelRest,,,,AddExpr RelRest,,,AddExpr RelRest,,AddExpr RelRest,,,,,,,,,,,,,,,AddExpr RelRest,,,,,AddExpr RelRest,,,AddExpr RelRest,,,,AddExpr RelRest,,,,,,AddExpr RelRest,AddExpr RelRest,,,,,
RelRest,,!= AddExpr RelRest,,ε,,ε,,,ε,,,,ε,< AddExpr RelRest,<= AddExpr RelRest,,== AddExpr RelRest,> AddExpr RelRest,>= AddExpr RelRest,,,,,,,,,,,,,,,,,,,,,,,,,,,,,ε,
AddExpr,MulExpr AddRest,,,,MulExpr AddRest,,,MulExpr AddRest,,MulExpr AddRest,,,,,,,,,,,,,,,MulExpr AddRest,,,,,MulExpr AddRest,,,MulExpr AddRest,,,,MulExpr AddRest,,,,,,MulExpr AddRest,MulExpr AddRest,,,,,
AddRest,,ε,,ε,,ε,,+ MulExpr AddRest,ε,- MulExpr AddRest,,,ε,ε,ε,,ε,ε,ε,,,,,,,,,,,,,,,,,,,,,,,,,,,,,ε,
MulExpr,UnaryExpr MulRest,,,,UnaryExpr MulRest,,,UnaryExpr MulRest,,UnaryExpr MulRest,,,,,,,,,,,,,,,UnaryExpr MulRest,,,,,UnaryExpr MulRest,,,UnaryExpr MulRest,,,,UnaryExpr MulRest,,,,,,UnaryExpr MulRest,UnaryExpr MulRest,,,,,
MulRest,,ε,,ε,,ε,* UnaryExpr MulRest,ε,ε,ε,,/ UnaryExpr MulRest,ε,ε,ε,,ε,ε,ε,,,,,,,,,,,,,,,,,,,,,,,,,,,,,ε,
UnaryExpr,UnaryOp UnaryExpr,,,,PrimaryExpr,,,UnaryOp UnaryExpr,,UnaryOp UnaryExpr,,,,,,,,,,,,,,,PrimaryExpr,,,,,PrimaryExpr,,,PrimaryExpr,,,,PrimaryExpr,,,,,,PrimaryExpr,PrimaryExpr,,,,,
UnaryOp,!,,,,,,,+,,-,,,,,,,,,,,,,,,,,,,,,,,,,,,,,,,,,,,,,,,
PrimaryExpr,,,,,( Expr ),,,,,,,,,,,,,,,,,,,,literal,,,,,literal,,,id PrimaryTail,,,,literal,,,,,,literal,literal,,,,,
PrimaryTail,,ε,,ε,( ArgList ) PrimaryTail,ε,ε,ε,ε,ε,. id PrimaryTail,ε,ε,ε,ε,ε,ε,ε,ε,,,,,,,,,,,,,,,,,,,,,,,,,,,,,ε,
ArgList,Expr ArgRest,,,,Expr ArgRest,ε,,Expr ArgRest,,Expr ArgRest,,,,,,,,,,,,,,,Expr ArgRest,,,,,Expr ArgRest,,,Expr ArgRest,,,,Expr ArgRest,,,,,,Expr ArgRest,Expr ArgRest,,,,,
ArgRest,,,,,,ε,,,", Expr ArgRest",,,,,,,,,,,,,,,,,,,,,,,,,,,,,,,,,,,,,,,,
literal,,,,,,,,,,,,,,,,,,,,,,,,,char_literal,,,,,false,,,,,,,number,,,,,,string_literal,true,,,,,
